,City,Latitude,Longitude,Max Temp,Humidity,Cloudiness,Wind Speed,Country,Date
0,rikitea,-23.12,-134.97,72.14,70,2,9.64,PF,1605898185
1,saint-joseph,-21.37,55.62,73.4,64,75,4.7,RE,1605898185
2,barrow,71.29,-156.79,6.8,77,20,13.87,US,1605898186
3,jamestown,42.1,-79.24,55.99,43,90,17.22,US,1605898186
4,tpig,41.78,47.59,32.9,84,52,7.72,RU,1605898186
5,qaqortoq,60.72,-46.03,28.4,86,75,3.42,GL,1605898186
6,aleksandrovsk-sakhalinskiy,50.9,142.16,22.82,87,0,3.18,RU,1605898187
7,flinders,-34.58,150.86,63.0,84,57,8.79,AU,1605898187
8,avarua,-21.21,-159.78,78.8,88,2,9.17,CK,1605898187
9,vaini,-21.2,-175.2,75.2,83,75,6.93,TO,1605898187
10,telimele,10.92,-13.33,77.07,52,77,2.33,GN,1605898188
11,port blair,11.67,92.75,79.93,84,100,8.75,IN,1605897924
12,de land,29.03,-81.3,73.99,78,90,12.75,US,1605897973
13,provideniya,64.38,-173.3,30.11,98,100,29.68,RU,1605898188
14,mataura,-46.19,168.86,57.99,61,0,17.0,NZ,1605898188
15,tehachapi,35.13,-118.45,62.01,33,1,14.99,US,1605898189
16,castro,-24.79,-50.01,70.81,55,52,3.8,BR,1605898189
17,san pedro de lloc,-7.43,-79.51,72.46,60,100,18.81,PE,1605898189
18,champerico,14.3,-91.92,73.0,90,98,8.43,GT,1605898189
19,kaitangata,-46.28,169.85,57.0,89,100,1.99,NZ,1605898190
20,khatanga,71.97,102.5,-0.89,90,100,11.56,RU,1605898190
21,east london,-33.02,27.91,66.2,72,0,11.41,ZA,1605898190
22,albany,42.6,-73.97,57.99,39,3,1.01,US,1605897903
23,ushuaia,-54.8,-68.3,55.4,66,75,11.41,AR,1605898191
24,lebu,-37.62,-73.65,56.93,74,84,13.76,CL,1605898191
25,saint-francois,46.42,3.91,39.0,89,20,2.24,FR,1605898191
26,cervo,43.67,-7.41,57.99,81,67,3.0,ES,1605898191
27,saint-augustin,51.23,-58.65,30.27,98,100,5.14,CA,1605898191
28,qaanaaq,77.48,-69.36,20.39,84,96,6.58,GL,1605898192
29,loutra,39.06,26.55,57.2,67,0,11.41,GR,1605898192
30,longyearbyen,78.22,15.64,14.0,72,90,2.24,SJ,1605898192
31,bluff,-46.6,168.33,57.99,61,69,17.0,NZ,1605898192
32,warrnambool,-38.38,142.48,51.01,95,100,6.82,AU,1605898193
33,mizoch,50.4,26.15,35.01,98,100,9.8,UA,1605898193
34,busselton,-33.65,115.33,50.0,96,98,5.93,AU,1605898193
35,mar del plata,-38.0,-57.56,69.8,64,40,16.11,AR,1605897900
36,verkhnyaya inta,65.98,60.31,35.78,92,97,31.12,RU,1605898194
37,komsomolskiy,40.43,71.72,24.8,68,0,4.7,UZ,1605898194
38,ponta do sol,32.67,-17.1,68.0,77,40,8.05,PT,1605898194
39,upernavik,72.79,-56.15,26.19,92,100,3.94,GL,1605898194
40,carai,-17.19,-41.69,70.61,95,100,4.56,BR,1605898195
41,grieskirchen,48.23,13.83,39.0,78,100,4.0,AT,1605898195
42,oistins,13.07,-59.53,78.8,83,75,25.28,BB,1605898195
43,hede,33.77,120.25,51.82,69,98,7.18,CN,1605898195
44,vao,-22.67,167.48,71.6,77,0,17.2,NC,1605898195
45,asau,46.43,26.4,36.0,17,100,8.84,RO,1605898196
46,katobu,-4.94,122.53,76.55,88,97,1.9,ID,1605898196
47,rocha,-34.48,-54.33,69.03,58,1,10.92,UY,1605898166
48,port hedland,-20.32,118.57,75.2,83,0,6.93,AU,1605898196
49,middelburg,-25.78,29.46,64.4,68,100,13.98,ZA,1605898197
50,georgetown,5.41,100.34,80.6,88,40,2.24,MY,1605898197
51,venado,22.93,-101.08,68.56,37,0,9.15,MX,1605898197
52,port hardy,50.7,-127.42,42.8,93,75,3.36,CA,1605898198
53,sexsmith,55.35,-118.79,3.2,84,75,5.82,CA,1605898198
54,new norfolk,-42.78,147.06,46.99,77,53,1.05,AU,1605898198
55,san quintin,30.48,-115.95,71.4,59,31,11.48,MX,1605898199
56,lumphat,13.49,106.98,71.13,92,0,3.29,KH,1605898199
57,san patricio,28.02,-97.52,84.0,51,75,11.41,US,1605898199
58,punta arenas,-53.15,-70.92,59.0,47,0,17.22,CL,1605898199
59,merauke,-8.47,140.33,79.68,81,100,13.71,ID,1605898199
60,nome,64.5,-165.41,28.4,68,1,19.46,US,1605897981
61,hoyanger,61.22,6.07,30.99,86,75,9.17,NO,1605898200
62,praia,14.92,-23.51,82.4,58,0,16.11,CV,1605897917
63,saint anthony,45.02,-93.22,39.99,64,90,13.87,US,1605898147
64,port alfred,-33.59,26.89,65.37,77,0,23.47,ZA,1605898022
65,aykhal,66.0,111.5,8.6,84,0,4.47,RU,1605898201
66,mingyue,43.11,128.92,17.04,93,0,3.65,CN,1605898201
67,barranca,-10.75,-77.77,70.59,64,97,11.65,PE,1605898202
68,luderitz,-26.65,15.16,62.33,86,7,3.49,,1605898202
69,kavieng,-2.57,150.8,82.72,78,100,18.1,PG,1605898202
70,tiksi,71.69,128.87,2.44,90,100,14.54,RU,1605898202
71,tasiilaq,65.61,-37.64,28.4,63,75,17.22,GL,1605898203
72,mehriz,31.59,54.43,51.8,52,40,1.05,IR,1605898203
73,nikolskoye,59.7,30.79,33.8,86,90,11.18,RU,1605898203
74,chuy,-33.7,-53.46,68.04,57,1,11.1,UY,1605898204
75,tahta,26.77,31.5,66.2,39,0,6.93,EG,1605898204
76,xai-xai,-25.05,33.64,70.75,73,9,9.4,MZ,1605898204
77,cape town,-33.93,18.42,71.01,68,0,9.17,ZA,1605898181
78,cherskiy,68.75,161.3,9.09,95,100,7.29,RU,1605898205
79,fairbanks,64.84,-147.72,0.0,68,1,3.69,US,1605897990
80,hermanus,-34.42,19.23,66.0,68,0,4.0,ZA,1605898205
81,jalu,29.03,21.55,61.45,64,0,7.27,LY,1605898206
82,dikson,73.51,80.55,17.74,97,100,15.99,RU,1605898206
83,viedma,-40.81,-63.0,91.0,24,80,10.0,AR,1605898206
84,belmonte,-15.86,-38.88,84.2,83,75,14.99,BR,1605898206
85,fortuna,40.6,-124.16,48.99,87,1,4.7,US,1605898207
86,campeche,19.0,-90.5,80.74,72,99,4.34,MX,1605898060
87,cockburn town,21.46,-71.14,77.0,83,90,13.87,TC,1605898207
88,comodoro rivadavia,-45.87,-67.5,86.0,35,0,17.22,AR,1605898208
89,auray,47.67,-2.99,50.0,87,90,3.36,FR,1605898208
90,turukhansk,65.82,87.98,18.75,97,100,22.17,RU,1605898208
91,sijunjung,-0.69,100.95,73.2,90,100,1.48,ID,1605898208
92,dingle,11.0,122.67,76.05,91,0,6.51,PH,1605898209
93,adrar,20.5,-10.07,77.18,19,100,8.1,MR,1605898209
94,tigil,57.8,158.67,14.5,96,100,4.45,RU,1605898209
95,hilo,19.73,-155.09,73.4,94,90,6.93,US,1605898209
96,hobart,-42.88,147.33,46.99,87,60,5.82,AU,1605898170
97,kampot,10.62,104.18,78.8,88,40,3.49,KH,1605898210
98,portland,45.52,-122.68,48.0,81,40,5.82,US,1605897622
99,ndjole,-0.18,10.76,76.46,92,100,2.98,GA,1605898210
100,porbandar,21.64,69.61,74.5,35,93,13.82,IN,1605898210
101,yellowknife,62.46,-114.35,3.2,84,75,0.63,CA,1605897928
102,ligayan,4.65,119.47,83.08,73,100,5.91,PH,1605898211
103,anadyr,64.75,177.48,30.2,80,20,15.66,RU,1605898211
104,douglas,41.3,-96.17,55.99,37,40,3.36,US,1605898211
105,burnie,-41.07,145.92,54.0,85,100,8.01,AU,1605898212
106,san carlos de bariloche,-41.15,-71.31,62.6,45,40,28.86,AR,1605898212
107,yongan,39.7,113.69,31.5,88,100,2.84,CN,1605898212
108,bontang,0.13,117.5,80.02,84,100,5.79,ID,1605898213
109,mahebourg,-20.41,57.7,69.8,94,40,5.82,MU,1605898213
110,souillac,-20.52,57.52,69.8,94,40,5.82,MU,1605898213
111,lingao,19.91,109.69,73.24,91,0,6.04,CN,1605898214
112,bang bo,13.57,100.84,84.0,83,20,3.36,TH,1605898214
113,kapaa,22.08,-159.32,78.8,78,75,11.41,US,1605898115
114,mayo,38.89,-76.51,63.0,66,1,10.29,US,1605898214
115,butaritari,3.07,172.79,81.3,82,48,17.83,KI,1605898215
116,naze,28.37,129.48,71.6,73,40,14.99,JP,1605898215
117,ravar,31.27,56.81,52.12,44,1,3.58,IR,1605898215
118,skotina,40.01,22.55,48.99,87,20,1.66,GR,1605898215
119,atar,20.52,-13.05,81.72,17,100,10.56,MR,1605897963
120,humboldt,40.67,-123.92,48.99,87,1,4.7,US,1605898216
121,mabaruma,8.2,-59.78,80.89,84,0,6.08,GY,1605898216
122,chokurdakh,70.63,147.92,-6.83,92,100,5.39,RU,1605898216
123,raghunathpur,23.55,86.67,79.0,64,24,1.52,IN,1605898217
124,vyartsilya,62.18,30.69,31.48,97,89,5.99,RU,1605898217
125,vila velha,-20.33,-40.29,80.01,78,75,17.22,BR,1605898188
126,kodiak,57.79,-152.41,42.8,70,90,29.97,US,1605898218
127,ancud,-41.87,-73.82,66.0,62,90,14.99,CL,1605898218
128,lompoc,34.64,-120.46,64.4,45,1,4.41,US,1605898218
129,zadonsk,52.39,38.93,24.8,85,40,8.95,RU,1605898218
130,ribeira grande,38.52,-28.7,64.4,72,20,5.82,PT,1605898219
131,puerto narino,-3.77,-70.38,86.0,70,75,5.82,CO,1605898219
132,bethel,41.37,-73.41,60.01,38,1,11.41,US,1605897938
133,atuona,-9.8,-139.03,77.25,79,5,15.23,PF,1605898219
134,beatrice,40.27,-96.75,60.01,33,1,13.87,US,1605897969
135,iqaluit,63.75,-68.51,5.0,77,75,6.93,CA,1605898220
136,svetlaya,46.54,138.33,27.34,83,100,5.86,RU,1605898220
137,yulara,-25.24,130.99,75.2,44,4,3.36,AU,1605898220
138,airai,-8.93,125.41,61.11,100,88,2.24,TL,1605898221
139,haines junction,60.75,-137.51,-23.8,74,99,1.12,CA,1605898221
140,tuktoyaktuk,69.45,-133.04,12.2,85,90,9.17,CA,1605898221
141,alyangula,-13.85,136.42,73.4,100,50,9.55,AU,1605898222
142,campobasso,41.63,14.58,52.0,79,100,11.99,IT,1605898222
143,sabang,5.89,95.32,79.74,82,100,13.13,ID,1605898222
144,norvenich,50.8,6.65,37.0,93,0,6.93,DE,1605898222
145,cabo san lucas,22.89,-109.91,96.8,33,5,3.36,MX,1605898173
146,faanui,-16.48,-151.75,79.12,72,23,6.22,PF,1605898223
147,gazojak,41.19,61.4,18.16,77,0,11.77,TM,1605898112
148,bambous virieux,-20.34,57.76,72.0,94,40,5.82,MU,1605898223
149,teknaf,20.86,92.31,71.02,76,0,5.12,BD,1605898223
150,port elizabeth,-33.92,25.57,64.4,77,0,13.87,ZA,1605898149
151,leningradskiy,69.38,178.42,19.81,96,93,4.74,RU,1605898224
152,mao,39.89,4.27,55.4,54,40,28.86,ES,1605898224
153,mersing,2.43,103.84,77.0,94,97,12.75,MY,1605898224
154,aginskoye,51.1,114.53,8.76,87,32,13.78,RU,1605898225
155,ixtapa,20.7,-105.2,89.6,43,5,3.36,MX,1605898225
156,bandarbeyla,9.49,50.81,76.42,75,42,23.13,SO,1605898225
157,cururupu,-1.83,-44.87,84.72,60,91,5.84,BR,1605898225
158,bredasdorp,-34.53,20.04,64.4,72,0,12.75,ZA,1605898226
159,ontario,34.06,-117.65,73.99,37,75,1.57,US,1605897958
160,jadu,31.95,12.03,54.39,81,0,1.72,LY,1605898226
161,isangel,-19.55,169.27,74.91,78,5,13.29,VU,1605898226
162,bilma,18.69,12.92,64.89,27,0,4.47,NE,1605898227
163,dubbo,-32.25,148.62,71.6,60,24,8.05,AU,1605898227
164,tripoli,32.88,13.19,67.41,57,1,9.84,LY,1605898227
165,sur,22.57,59.53,72.09,55,0,2.8,OM,1605898227
166,filadelfia,39.95,-75.16,63.0,38,40,10.29,US,1605898104
167,moose factory,51.26,-80.61,26.6,68,90,8.05,CA,1605898228
168,victoria,22.29,114.16,77.0,89,22,1.99,HK,1605898027
169,severo-kurilsk,50.68,156.12,31.59,93,65,13.42,RU,1605898229
170,sambhal,28.58,78.55,59.11,39,0,8.48,IN,1605898229
171,dunedin,-45.87,170.5,60.01,61,100,1.99,NZ,1605898229
172,sao filipe,14.9,-24.5,79.48,68,88,4.94,CV,1605898230
173,honningsvag,70.98,25.97,32.0,82,75,13.87,NO,1605898230
174,clyde river,70.47,-68.59,5.0,65,75,11.41,CA,1605898230
175,inirida,3.87,-67.92,90.68,54,76,3.04,CO,1605898230
176,amga,60.9,131.96,-5.4,90,99,3.2,RU,1605898231
177,vestmanna,62.16,-7.17,50.0,93,100,26.4,FO,1605898231
178,grand forks,47.94,-97.43,21.2,73,90,13.87,US,1605898172
179,kruisfontein,-34.0,24.73,64.0,77,0,5.01,ZA,1605898232
180,vredendal,-31.67,18.5,82.76,25,0,11.97,ZA,1605898232
181,jasper,37.2,-94.35,69.8,64,90,11.41,US,1605898232
182,lorengau,-2.02,147.27,79.03,90,100,17.34,PG,1605898232
183,gayny,60.31,54.32,28.02,93,100,12.03,RU,1605898233
184,norman wells,65.28,-126.83,-20.2,75,40,3.36,CA,1605898233
185,kasongo,-4.45,26.67,70.0,98,100,4.18,CD,1605898234
186,lohja,60.25,24.07,32.0,92,0,5.99,FI,1605898234
187,chlorakas,34.8,32.41,59.0,82,75,8.05,CY,1605898234
188,pittsburg,38.03,-121.88,60.01,47,1,7.76,US,1605898234
189,borger,52.92,6.79,42.01,82,94,5.01,NL,1605897942
190,saint george,37.1,-113.58,59.0,32,1,3.36,US,1605898129
191,grindavik,63.84,-22.43,35.6,79,75,19.46,IS,1605898235
192,sao joao da barra,-21.64,-41.05,77.0,69,75,11.41,BR,1605898236
193,praia grande,-24.01,-46.4,70.0,88,90,4.7,BR,1605898236
194,narsaq,60.92,-46.05,28.4,86,75,4.09,GL,1605898236
195,mbalmayo,3.52,11.5,69.64,95,81,3.53,CM,1605898236
196,west fargo,46.88,-96.9,28.4,68,90,11.41,US,1605898237
197,kamenka,51.32,42.77,23.52,83,0,10.56,RU,1605898237
198,shahrud,36.42,54.98,40.33,69,100,5.66,IR,1605898237
199,tuatapere,-46.13,167.68,59.0,62,83,14.0,NZ,1605898237
200,broken hill,-31.95,141.43,78.8,21,96,10.29,AU,1605898238
201,crib point,-38.35,145.2,55.0,93,100,9.89,AU,1605898238
202,bengkulu,-3.8,102.27,76.95,91,100,7.07,ID,1605898238
203,nioro,13.35,-15.75,85.06,20,58,1.5,GM,1605898238
204,bulungu,-4.55,18.6,71.73,92,71,1.72,CD,1605898239
205,verkhnetulomskiy,68.61,31.8,32.0,94,75,6.71,RU,1605898239
206,tambun,-6.26,107.07,80.01,88,20,2.24,ID,1605898240
207,kendari,-3.94,122.5,77.02,89,93,2.64,ID,1605897989
208,mayskiy,47.69,40.1,32.0,96,90,22.37,RU,1605898240
209,evanston,42.04,-87.69,61.0,44,75,8.05,US,1605898144
210,goryachiy klyuch,44.63,39.13,39.99,93,75,8.95,RU,1605898240
211,doha,25.29,51.53,77.0,73,20,3.36,QA,1605898198
212,suntar,62.14,117.63,5.05,93,100,7.09,RU,1605898241
213,zarya,55.76,38.1,32.0,99,75,8.95,RU,1605898241
214,tahe,52.33,124.73,12.67,90,13,8.23,CN,1605898241
215,mackay,-21.15,149.2,77.0,73,40,13.87,AU,1605898242
216,klaksvik,62.23,-6.59,50.0,93,100,26.4,FO,1605898242
217,shirwal,18.13,73.98,72.59,78,100,5.37,IN,1605898242
218,calvia,39.57,2.51,55.99,53,0,3.36,ES,1605898242
219,banjar,-8.19,114.97,80.6,88,20,4.7,ID,1605898243
220,la ronge,55.1,-105.28,10.4,78,97,5.82,CA,1605898243
221,bermeo,43.42,-2.72,50.0,87,0,1.12,ES,1605898243
222,nuuk,64.18,-51.72,28.4,74,75,2.24,GL,1605898243
223,hasaki,35.73,140.83,62.6,77,75,6.93,JP,1605898244
224,inuvik,68.35,-133.72,1.4,84,100,2.24,CA,1605898244
225,nagorsk,59.32,50.81,29.62,92,100,13.51,RU,1605898244
226,nishihara,26.18,127.76,75.2,100,75,6.93,JP,1605898244
227,dzaoudzi,-12.79,45.27,80.6,78,20,5.82,YT,1605898244
228,pamanukan,-6.28,107.81,81.79,72,86,1.74,ID,1605898245
229,caconda,-13.73,15.07,67.8,59,68,3.15,AO,1605898245
230,mandalgovi,45.76,106.27,4.46,82,53,10.8,MN,1605898245
231,shchebetovka,44.93,35.15,42.46,83,80,9.89,UA,1605898245
232,stornoway,58.21,-6.39,54.0,76,75,31.09,GB,1605898246
233,frontera,26.93,-101.45,81.0,38,0,3.0,MX,1605898246
234,xining,36.62,101.77,22.48,93,100,3.51,CN,1605898246
235,umm lajj,25.02,37.27,78.8,70,6,7.7,SA,1605898246
236,cayenne,4.93,-52.33,82.4,83,90,8.05,GF,1605898126
237,cuauhtemoc,28.42,-106.87,70.0,23,0,10.0,MX,1605898005
238,mount gambier,-37.83,140.77,53.6,87,100,5.82,AU,1605898247
239,north bend,43.41,-124.22,48.99,81,1,6.93,US,1605898247
240,kirensk,57.79,108.11,11.8,94,100,8.86,RU,1605898248
241,wanning,18.8,110.4,74.3,89,8,1.1,CN,1605898248
242,paciran,-6.88,112.38,81.09,79,100,2.82,ID,1605898249
243,valparaiso,-33.04,-71.63,64.4,48,20,11.41,CL,1605898177
244,iralaya,15.0,-83.23,81.81,82,100,6.24,HN,1605898249
245,quatre cocos,-20.21,57.76,72.0,94,40,5.82,MU,1605898249
246,ladario,-19.0,-57.6,93.2,34,0,8.05,BR,1605898146
247,solnechnyy,50.72,136.63,17.53,77,99,2.15,RU,1605898250
248,funadhoo,6.15,73.27,82.33,71,13,3.83,MV,1605898250
249,kalianget,-7.05,113.93,83.86,69,23,3.94,ID,1605898250
250,orbetello,42.44,11.22,53.6,66,40,25.28,IT,1605898250
251,puerto ayora,-0.74,-90.35,78.8,69,40,18.34,EC,1605898251
252,frutigen,46.59,7.65,39.99,86,0,1.12,CH,1605898251
253,kyra,49.58,111.98,7.02,81,1,4.43,RU,1605898251
254,hluti,-27.22,31.62,62.35,84,100,3.83,SZ,1605898252
255,aklavik,68.22,-135.01,-7.6,83,75,4.7,CA,1605898252
256,muros,42.78,-9.06,57.0,66,0,5.82,ES,1605898252
257,salta,-24.79,-65.41,78.8,29,40,10.29,AR,1605898252
258,thompson,55.74,-97.86,-2.2,84,5,4.7,CA,1605898013
259,woerden,52.08,4.88,43.0,86,0,1.01,NL,1605898253
260,namibe,-15.2,12.15,69.91,72,0,14.36,AO,1605898253
261,waingapu,-9.66,120.26,80.2,78,82,5.66,ID,1605898254
262,pitimbu,-7.47,-34.81,84.2,70,40,11.41,BR,1605898254
263,hirado,33.36,129.55,60.01,40,25,8.99,JP,1605898254
264,lamu,-2.27,40.9,82.4,78,1,6.93,KE,1605898254
265,tautira,-17.73,-149.15,82.4,65,20,6.93,PF,1605898255
266,poum,-20.23,164.02,75.49,71,100,12.84,NC,1605898255
267,chorozinho,-4.3,-38.5,84.2,70,40,11.41,BR,1605898171
268,kapra,17.48,78.56,71.01,94,20,4.7,IN,1605898255
269,teahupoo,-17.83,-149.27,82.4,65,20,6.93,PF,1605898256
270,vila franca do campo,37.72,-25.43,63.0,82,20,19.46,PT,1605898256
271,great yarmouth,52.61,1.73,46.99,93,75,13.87,GB,1605898256
272,miquelon,47.1,-56.38,44.6,100,90,26.4,PM,1605898256
273,pinheiro machado,-31.58,-53.38,73.0,55,26,5.99,BR,1605898256
274,weyburn,49.67,-103.85,15.8,72,100,6.93,CA,1605898257
275,york,40.13,-77.0,63.0,33,1,9.75,US,1605897818
276,bertoua,4.58,13.68,74.23,56,12,1.16,CM,1605898257
277,hofn,64.25,-15.21,42.8,81,90,14.99,IS,1605898257
278,lazaro cardenas,17.96,-102.2,85.91,52,64,5.57,MX,1605898258
279,vagur,61.47,-6.81,49.39,74,100,47.76,FO,1605898258
280,dzhebariki-khaya,62.22,135.8,-7.49,90,100,2.82,RU,1605898258
281,lagoa,39.05,-27.98,63.39,83,0,12.55,PT,1605898258
282,kahului,20.89,-156.47,77.0,83,40,19.46,US,1605898024
283,belyy yar,53.6,91.39,23.0,67,0,6.71,RU,1605898259
284,esperance,-33.87,121.9,59.0,100,90,13.87,AU,1605898259
285,nanortalik,60.14,-45.24,31.1,92,88,17.43,GL,1605898260
286,santa rosalia,27.32,-112.28,83.91,34,0,10.83,MX,1605898260
287,acapulco,16.86,-99.89,87.8,55,5,5.82,MX,1605898260
288,tangzhai,34.43,116.59,48.99,69,100,10.67,CN,1605898261
289,carnarvon,-24.87,113.63,69.8,83,0,24.16,AU,1605898261
290,coracao de jesus,-16.69,-44.37,79.36,75,87,3.98,BR,1605898261
291,avera,33.19,-82.53,71.6,53,1,8.05,US,1605898262
292,cabedelo,-6.98,-34.83,84.2,70,40,11.41,BR,1605898256
293,dakar,14.69,-17.44,86.0,58,0,2.24,SN,1605898024
294,kismayo,-0.36,42.55,80.55,78,30,12.62,SO,1605898262
295,woodward,36.43,-99.39,64.0,48,40,11.41,US,1605898263
296,manadhoo,5.77,73.38,82.27,69,3,2.66,MV,1605898263
297,bahia honda,22.9,-83.16,79.45,72,36,18.48,CU,1605898122
298,lata,40.16,-8.33,57.0,60,0,5.99,PT,1605898263
299,wattegama,6.8,81.48,75.2,100,20,3.36,LK,1605898264
300,fray bentos,-33.13,-58.3,79.0,38,0,13.0,UY,1605898264
301,trujillo,-8.12,-79.03,66.2,77,40,14.99,PE,1605898264
302,rabo de peixe,37.8,-25.58,63.0,82,20,19.46,PT,1605898265
303,bonavista,48.65,-53.11,37.99,100,100,3.36,CA,1605898265
304,atocha,-20.93,-66.23,62.47,16,45,20.45,BO,1605898265
305,stonewall,50.13,-97.33,19.0,72,90,14.99,CA,1605898265
306,tabriz,38.08,46.29,44.6,100,75,4.7,IR,1605898105
307,bubaque,11.28,-15.83,83.1,68,41,11.39,GW,1605898266
308,dumai,1.68,101.45,75.87,94,100,1.9,ID,1605898266
309,arraial do cabo,-22.97,-42.03,69.8,88,75,10.29,BR,1605898266
310,unai,-16.36,-46.91,83.82,63,48,4.5,BR,1605898266
311,sambava,-14.27,50.17,74.05,79,0,3.36,MG,1605898267
312,tucuman,-26.82,-65.22,89.6,29,0,16.11,AR,1605898228
313,taltal,-25.4,-70.48,65.35,51,22,7.4,CL,1605898267
314,raudeberg,61.99,5.14,39.2,64,75,24.16,NO,1605898267
315,beloha,-25.17,45.05,69.84,89,0,4.47,MG,1605898267
316,whyalla,-33.03,137.58,66.2,82,100,9.17,AU,1605898268
317,otradnoye,59.78,30.82,33.8,94,90,11.18,RU,1605898268
318,salalah,17.02,54.09,80.6,69,20,4.7,OM,1605898268
319,tigzirt,36.89,4.12,58.32,70,100,14.09,DZ,1605898268
320,aden,12.78,45.04,79.61,65,1,8.14,YE,1605898233
321,morogoro,-6.82,37.67,73.31,89,58,4.81,TZ,1605898269
322,mount isa,-20.73,139.5,86.0,27,0,13.87,AU,1605898269
323,shimoda,34.67,138.95,57.99,86,0,1.01,JP,1605898269
324,lulea,65.58,22.15,28.4,68,0,4.7,SE,1605898002
325,beaverlodge,55.22,-119.44,3.2,84,75,5.82,CA,1605898270
326,touros,-5.2,-35.46,86.0,66,40,17.22,BR,1605898270
327,guanica,17.97,-66.91,86.0,66,11,3.0,PR,1605898270
328,novyy urgal,51.07,132.56,9.59,91,100,0.4,RU,1605898271
329,krasnogorskiy,54.6,61.23,23.85,82,30,6.6,RU,1605898271
330,fukue,32.69,128.84,61.29,66,0,18.68,JP,1605898271
331,morondava,-20.28,44.28,77.23,75,0,17.58,MG,1605898271
332,necochea,-38.55,-58.74,76.15,35,100,12.95,AR,1605898272
333,hambantota,6.12,81.12,75.2,100,20,3.36,LK,1605898272
334,hami,42.8,93.45,16.11,70,0,3.94,CN,1605898272
335,zyryanka,65.75,150.85,1.92,94,97,7.85,RU,1605898272
336,mehendiganj,22.82,90.53,73.89,79,0,1.88,BD,1605898024
337,itarsi,22.62,77.75,66.4,59,26,5.91,IN,1605898273
338,pevek,69.7,170.31,17.73,97,100,1.14,RU,1605898273
339,krasnaya gora,53.0,31.6,33.8,100,90,2.24,RU,1605898273
340,ust-kulom,61.69,53.69,31.08,95,100,12.26,RU,1605898274
341,safaga,26.73,33.94,71.6,37,0,6.93,EG,1605898274
342,channel-port aux basques,47.57,-59.14,41.86,93,100,12.93,CA,1605898274
343,saskylakh,71.92,114.08,11.07,92,100,13.13,RU,1605898274
344,torbay,47.67,-52.73,41.0,93,90,16.11,CA,1605898274
345,buritizeiro,-17.35,-44.96,82.36,72,98,4.88,BR,1605898275
346,hithadhoo,-0.6,73.08,81.91,73,53,5.46,MV,1605898275
347,gawan,28.43,78.35,59.77,38,0,8.21,IN,1605898275
348,lavrentiya,65.58,-171.0,30.22,96,100,16.35,RU,1605898275
349,bustamante,26.53,-100.5,78.96,32,1,12.12,MX,1605898276
350,paamiut,61.99,-49.67,28.72,88,62,6.04,GL,1605898276
351,chik,54.99,82.43,21.2,92,40,15.66,RU,1605898276
352,kloulklubed,7.04,134.26,77.0,94,75,9.57,PW,1605898276
353,dicabisagan,17.08,122.42,77.43,84,100,5.21,PH,1605898277
354,cidreira,-30.18,-50.21,68.2,68,0,14.7,BR,1605898277
355,dangriga,16.97,-88.23,78.01,94,75,6.93,BZ,1605898277
356,mayumba,-3.43,10.66,78.26,86,100,9.22,GA,1605898277
357,imbituba,-28.24,-48.67,69.8,64,75,11.41,BR,1605898278
358,saint-philippe,-21.36,55.77,73.4,64,75,4.7,RE,1605898278
359,sabha,27.04,14.43,59.11,52,0,4.7,LY,1605898278
360,tunceli,39.11,39.55,42.8,93,90,3.36,TR,1605898278
361,port antonio,18.18,-76.46,84.2,74,75,4.7,JM,1605898279
362,swidnik,51.22,22.7,32.0,86,20,6.93,PL,1605898279
363,batemans bay,-35.72,150.18,57.99,93,73,3.83,AU,1605898279
364,tukrah,32.53,20.58,65.35,56,99,8.81,LY,1605898206
365,kavaratti,10.57,72.64,82.87,75,0,8.75,IN,1605898279
366,hamilton,39.18,-84.53,63.0,51,90,10.29,US,1605898182
367,wuda,39.5,106.71,26.94,95,100,13.56,CN,1605898280
368,lagos,6.58,3.75,78.44,82,3,4.36,NG,1605898078
369,ndola,-12.96,28.64,66.63,79,50,2.48,ZM,1605898281
370,celestun,20.87,-90.4,82.15,70,7,18.61,MX,1605898281
371,vajszlo,45.86,17.98,42.8,61,90,18.34,HU,1605898281
372,kalmunai,7.42,81.82,79.36,81,100,10.96,LK,1605898282
373,ilulissat,69.22,-51.1,26.6,79,75,11.41,GL,1605898080
374,berlevag,70.86,29.09,30.2,92,90,27.51,NO,1605898282
375,urumqi,43.8,87.6,17.6,72,0,2.24,CN,1605898282
376,half moon bay,37.46,-122.43,59.0,38,1,14.99,US,1605898283
377,zhangye,38.93,100.45,23.14,84,100,8.32,CN,1605898283
378,maniitsoq,65.42,-52.9,26.6,97,100,12.93,GL,1605898283
379,vestmannaeyjar,63.44,-20.27,35.6,93,40,28.86,IS,1605898283
380,jaicos,-7.36,-41.14,86.58,53,92,2.39,BR,1605898284
381,sorong,-0.88,131.25,81.01,79,31,3.83,ID,1605898284
382,autazes,-3.58,-59.13,95.13,44,55,3.44,BR,1605898284
383,usevya,-7.1,31.23,75.33,63,69,3.13,TZ,1605898284
384,queimados,-22.72,-43.56,71.6,78,90,4.7,BR,1605898285
385,korla,41.76,86.15,23.43,76,41,4.25,CN,1605898285
386,zastron,-30.3,27.08,66.74,33,0,2.66,ZA,1605898285
387,kuusamo,65.97,29.18,28.4,79,75,11.41,FI,1605898285
388,dallas,32.77,-96.78,71.01,68,90,6.93,US,1605898030
389,yagodnoye,62.55,149.67,-3.64,89,100,3.8,RU,1605898286
390,matagami,49.75,-77.63,32.0,98,90,2.24,CA,1605898286
391,petropavlovsk-kamchatskiy,53.05,158.65,15.8,85,0,4.47,RU,1605898286
392,huilong,31.81,121.66,57.0,79,4,3.0,CN,1605898286
393,mahanje,-9.93,35.33,71.4,71,42,2.68,TZ,1605898287
394,hovd,48.01,91.64,11.07,69,0,1.25,MN,1605898287
395,sept-iles,50.2,-66.38,30.99,92,100,5.35,CA,1605898199
396,arman,59.7,150.17,3.42,85,21,9.17,RU,1605898288
397,wajima,37.4,136.9,52.99,73,100,24.52,JP,1605898288
398,caravelas,-17.71,-39.25,75.36,92,100,10.38,BR,1605898288
399,barabash,43.2,131.48,17.6,78,0,2.24,RU,1605898288
400,mugur-aksy,50.35,90.5,4.48,81,100,3.69,RU,1605898289
401,griffith,41.53,-87.42,64.0,45,1,6.93,US,1605898289
402,vila do maio,15.13,-23.22,82.4,58,0,16.11,CV,1605898289
403,mariental,-24.63,17.97,77.72,42,37,16.2,,1605898289
404,marystown,47.17,-55.15,45.0,100,100,8.01,CA,1605898289
405,ormara,25.21,64.64,70.84,28,39,12.46,PK,1605898290
406,amapa,1.0,-52.0,80.11,86,100,5.28,BR,1605898290
407,shache,38.42,77.24,33.06,88,100,5.88,CN,1605898290
408,razole,16.48,81.83,75.4,77,96,1.68,IN,1605898290
409,karratha,-20.74,116.85,77.04,63,10,6.13,AU,1605898291
410,mishkino,55.34,63.92,22.84,90,26,11.32,RU,1605898291
411,talnakh,69.49,88.4,15.8,92,90,33.55,RU,1605898021
412,puerto lempira,15.27,-83.77,82.18,84,99,7.81,HN,1605898292
413,udachnyy,66.42,112.4,8.6,84,0,4.47,RU,1605898292
414,dudinka,69.41,86.18,15.8,92,90,33.55,RU,1605898292
415,santa isabel do rio negro,-0.41,-65.02,87.15,65,96,3.87,BR,1605898292
416,ocos,14.51,-92.19,84.2,74,75,5.82,GT,1605898292
417,ostashkov,57.15,33.11,31.91,95,25,7.63,RU,1605898293
418,gigmoto,13.78,124.39,79.59,85,95,11.16,PH,1605898293
419,deming,32.27,-107.76,73.4,25,1,4.7,US,1605898293
420,makaha,21.47,-158.22,75.2,100,90,5.82,US,1605898293
421,port lincoln,-34.73,135.87,64.74,71,100,13.65,AU,1605898294
422,kununurra,-15.77,128.73,77.0,94,79,3.36,AU,1605898294
423,rodrigues alves,-7.74,-72.65,82.4,78,90,6.93,BR,1605898294
424,saldanha,-33.01,17.94,77.0,31,0,8.05,ZA,1605898294
425,riyadh,24.69,46.72,75.2,33,0,9.17,SA,1605898295
426,duverge,18.38,-71.52,87.8,74,20,11.41,DO,1605898295
427,le mars,42.79,-96.17,51.01,57,1,6.93,US,1605898295
428,codrington,-38.27,141.97,50.0,92,100,8.86,AU,1605898295
429,pahrump,36.21,-115.98,63.0,25,100,11.01,US,1605898221
430,mhlume,-26.03,31.85,69.01,78,100,6.55,SZ,1605898296
431,kirakira,-10.45,161.92,79.02,80,100,6.91,SB,1605898296
432,simao,22.79,100.97,52.36,82,0,0.65,CN,1605898296
433,kpandae,8.47,-0.01,83.44,32,12,2.95,GH,1605898297
434,dhone,15.42,77.88,72.1,68,82,7.02,IN,1605898297
435,zyryanskoye,56.83,86.63,20.82,93,100,19.19,RU,1605898297
436,grand gaube,-20.01,57.66,72.0,78,33,3.0,MU,1605898297
437,mul,20.07,79.67,73.4,75,26,2.82,IN,1605898051
438,slave lake,55.28,-114.77,3.2,84,20,9.17,CA,1605898298
439,olovyannaya,50.95,115.57,6.37,89,0,8.88,RU,1605898298
440,kaeo,-35.1,173.78,54.0,95,0,0.6,NZ,1605898299
441,new haven,41.4,-72.93,59.0,44,1,10.29,US,1605898299
442,beyneu,45.32,55.2,26.91,91,0,16.22,KZ,1605898299
443,huanan,46.22,130.52,13.57,94,100,7.23,CN,1605898300
444,maldonado,-34.67,-54.92,73.4,46,20,17.22,UY,1605898300
445,howell,42.61,-83.93,62.01,55,1,14.99,US,1605898028
446,fergus falls,46.28,-96.08,30.2,68,75,19.46,US,1605898300
447,phuket,8.0,98.25,84.99,88,20,1.12,TH,1605898301
448,springbok,-29.66,17.89,73.18,27,90,5.97,ZA,1605898301
449,mahina,-17.51,-149.49,82.4,65,20,6.93,PF,1605898301
450,tura,25.52,90.22,63.52,84,0,3.4,IN,1605898301
451,gimli,50.63,-96.99,17.6,72,14,11.41,CA,1605898029
452,bosaso,11.28,49.18,76.91,69,100,7.2,SO,1605898302
453,vanimo,-2.67,141.3,77.85,89,100,9.6,PG,1605898302
454,tateyama,34.98,139.87,64.99,34,0,5.01,JP,1605898302
455,egvekinot,66.32,-179.17,20.19,98,100,10.29,RU,1605898302
456,dali,25.7,100.18,43.92,71,0,4.7,CN,1605898303
457,puerto escondido,15.85,-97.07,86.0,66,40,5.82,MX,1605898303
458,pangnirtung,66.15,-65.71,10.4,78,90,2.24,CA,1605898303
459,waipawa,-41.41,175.52,59.0,87,25,23.04,NZ,1605898303
460,geraldton,-28.77,114.6,64.4,72,75,11.41,AU,1605898304
461,astorga,-23.23,-51.67,82.4,34,40,2.24,BR,1605898304
462,havre-saint-pierre,50.23,-63.6,28.4,86,90,11.41,CA,1605898304
463,izumo,35.37,132.77,55.4,82,75,11.41,JP,1605898305
464,jiuquan,39.74,98.52,14.16,90,100,8.84,CN,1605898305
465,laem sing,12.48,102.07,77.0,10,0,3.42,TH,1605898305
466,xapuri,-10.65,-68.5,95.0,39,88,0.25,BR,1605898306
467,osoyoos,49.03,-119.45,37.4,69,100,6.93,CA,1605898306
468,tazovskiy,67.47,78.7,29.62,96,83,20.09,RU,1605898306
469,margate,51.38,1.39,48.99,85,100,1.99,GB,1605898306
470,nushki,29.55,66.02,43.18,53,0,2.44,PK,1605898274
471,ulladulla,-35.35,150.47,63.0,88,90,5.82,AU,1605898307
472,padang,-0.95,100.35,77.7,79,100,4.61,ID,1605898308
473,rio grande,-32.03,-52.1,75.2,53,75,12.75,BR,1605898098
474,prince rupert,54.32,-130.32,41.0,80,90,9.17,CA,1605898309
475,yarkovo,57.4,67.08,26.11,91,49,11.74,RU,1605898309
476,yumen,40.28,97.2,11.37,95,100,7.78,CN,1605898309
477,rundu,-17.93,19.77,75.76,53,0,5.1,,1605898309
478,maputo,-25.97,32.59,73.99,69,75,10.29,MZ,1605898310
479,mount pleasant,32.79,-79.86,73.4,60,90,9.89,US,1605898088
480,tarragona,41.13,1.25,57.99,70,0,1.12,ES,1605898310
481,taperoa,-7.21,-36.83,85.86,42,100,9.93,BR,1605898311
482,disraeli,45.9,-71.35,51.01,54,63,3.0,CA,1605898311
483,bodden town,19.28,-81.25,84.2,74,75,18.34,KY,1605898311
484,kuryk,43.2,51.65,32.45,72,2,30.0,KZ,1605898311
485,orlik,52.52,99.83,-9.6,79,45,3.47,RU,1605898312
486,jiayuguan,39.82,98.3,12.02,94,100,5.84,CN,1605898312
487,mangai,-4.05,19.53,71.46,96,99,0.74,CD,1605898312
488,neya,58.3,43.87,30.72,98,100,11.77,RU,1605898312
489,itarema,-2.92,-39.92,84.47,64,74,13.22,BR,1605898312
490,burley,42.54,-113.79,35.6,74,1,3.36,US,1605898313
491,opuwo,-18.06,13.84,78.19,24,0,10.83,,1605898313
492,daru,-9.08,143.21,80.04,82,100,14.03,PG,1605898313
493,inhambane,-23.86,35.38,73.4,83,75,10.29,MZ,1605898314
494,shakawe,-18.37,21.85,74.01,73,100,3.98,BW,1605898315
495,tessalit,20.2,1.01,72.3,21,87,9.95,ML,1605898315
496,cagliari,39.24,9.09,55.4,82,20,13.87,IT,1605898315
497,sitka,57.05,-135.33,37.4,69,90,3.53,US,1605898315
498,menongue,-14.66,17.69,67.95,86,97,4.76,AO,1605898316
499,broome,42.25,-75.83,55.4,37,1,13.87,US,1605898316
500,moindou,-21.69,165.68,66.2,82,0,2.24,NC,1605898316
501,lexington,37.99,-84.48,64.99,51,1,13.87,US,1605898075
502,faya,18.39,42.45,60.8,82,0,1.74,SA,1605898316
503,jales,-20.27,-50.55,85.51,33,0,8.75,BR,1605898317
504,cardenas,23.04,-81.2,77.0,83,75,18.34,CU,1605898317
505,budhlada,29.93,75.57,59.59,34,0,6.13,IN,1605898154
506,beisfjord,68.38,17.6,26.6,86,75,10.29,NO,1605898317
507,weihe,33.0,105.32,37.78,77,100,9.84,CN,1605898318
508,bud,39.45,-86.18,63.0,48,40,12.75,US,1605898318
509,petropavlovskoye,52.07,84.11,20.1,91,100,3.44,RU,1605898318
510,guerrero negro,27.98,-114.06,79.59,45,0,10.11,MX,1605898318
511,neuquen,-38.95,-68.06,86.0,35,40,4.7,AR,1605898319
512,benguela,-12.58,13.41,76.93,73,90,6.33,AO,1605898319
513,uray,60.12,64.78,28.89,93,52,13.8,RU,1605898319
514,bonthe,7.53,-12.51,79.68,81,75,6.2,SL,1605898319
515,sabzevar,36.21,57.68,38.52,70,10,2.84,IR,1605898320
516,puerto leguizamo,-0.19,-74.78,91.71,44,94,2.53,CO,1605898320
517,impfondo,1.64,18.07,72.99,95,46,2.51,CG,1605898320
518,kaduqli,11.02,29.72,79.56,25,0,8.72,SD,1605898320
519,naron,43.52,-8.15,57.0,64,75,3.0,ES,1605898321
520,petropavlovka,50.61,105.32,8.87,84,45,5.01,RU,1605898321
521,casin,46.2,26.75,39.2,93,75,20.8,RO,1605898321
522,marawi,8.0,124.29,75.99,92,96,5.01,PH,1605898321
523,yaan,7.38,8.57,81.3,32,100,1.79,NG,1605898322
524,ambon,-3.7,128.18,82.99,87,18,2.86,ID,1605898311
525,balingasay,16.36,119.86,81.66,78,100,7.29,PH,1605898322
526,kiama,-34.68,150.87,63.0,84,81,10.02,AU,1605898323
527,ukiah,39.15,-123.21,55.0,87,20,0.65,US,1605898323
528,sola,-13.88,167.55,75.2,100,90,4.29,VU,1605898323
529,sampit,-2.53,112.95,75.33,95,100,1.01,ID,1605898323
530,caronport,50.45,-105.82,10.4,78,99,4.7,CA,1605898323
531,rawson,-43.3,-65.1,88.29,18,78,14.9,AR,1605898324
532,samarai,-10.62,150.67,80.65,83,100,15.79,PG,1605898324
533,agnibilekrou,7.13,-3.2,78.03,59,79,1.16,CI,1605898324
534,emba,48.83,58.14,17.73,89,0,5.59,KZ,1605898325
535,onomichi,34.42,133.2,55.99,85,51,8.01,JP,1605898325
536,sobolevo,54.43,31.9,31.87,95,100,5.68,RU,1605898325
537,keti bandar,24.14,67.45,74.08,58,29,6.4,PK,1605898325
538,baykit,61.67,96.37,13.84,93,100,7.29,RU,1605898326
539,santa cruz,-17.8,-63.17,93.18,24,1,4.45,BO,1605898227
540,yankton,42.87,-97.4,46.4,61,1,10.29,US,1605898326
541,biltine,14.53,20.92,77.99,23,0,7.52,TD,1605898327
542,alofi,-19.06,-169.92,77.0,100,100,6.93,NU,1605898327
543,auckland,-36.87,174.77,63.0,77,83,8.05,NZ,1605898206
544,makakilo city,21.35,-158.09,75.2,83,90,3.36,US,1605898327
545,erenhot,43.65,111.98,20.86,97,100,7.4,CN,1605898328
546,siuna,13.73,-84.78,83.77,77,61,3.87,NI,1605898328
547,atbasar,51.8,68.33,9.27,94,0,9.69,KZ,1605898328
548,santa cruz de tenerife,28.47,-16.25,73.0,55,0,5.82,ES,1605898328
549,alice springs,-23.7,133.88,75.0,83,77,0.96,AU,1605898329
550,ola,59.58,151.28,3.94,85,0,10.74,RU,1605898329
551,plettenberg bay,-34.05,23.37,64.17,77,0,7.31,ZA,1605898329
552,naples,40.83,14.25,57.2,76,75,11.41,IT,1605898329
553,baglung,28.27,83.59,51.48,46,0,5.23,NP,1605898330
